,roc_auc,gb__learning_rate,pca__apply_PCA,pca__n_components
0,0.6761457729022731,0.1,False,0.95
1,0.703985532815808,0.05,False,0.95
2,0.6836004056795132,0.05,False,0.95
3,0.6939244857041766,0.05,False,0.95
4,0.6881653788098403,0.05,False,0.95
5,0.6910823616547781,0.05,False,0.95
6,0.6859350201579802,0.05,False,0.95
7,0.6565766513772305,0.05,False,0.95
8,0.711406582719941,0.05,False,0.95
9,0.6677812466739987,0.05,False,0.95
